{
  "compact": true,
  "controlFlowFlattening": true,
  "controlFlowFlatteningThreshold": 1,
  "deadCodeInjection": true,
  "deadCodeInjectionThreshold": 1,
  "debugProtection": true,
  "debugProtectionInterval": 4000,
  "disableConsoleOutput": true,
  "identifierNamesGenerator": "hexadecimal",
  "numbersToExpressions": true,
  "renameGlobals": true,
  "selfDefending": true,
  "splitStrings": true,
  "splitStringsChunkLength": 2,
  "stringArray": true,
  "stringArrayEncoding": ["rc4"],
  "stringArrayIndexShift": true,
  "stringArrayRotate": true,
  "stringArrayShuffle": true,
  "stringArrayWrappersCount": 5,
  "stringArrayWrappersType": "function",
  "stringArrayThreshold": 1,
  "transformObjectKeys": true,
  "unicodeEscapeSequence": true,
  "domainLock": ["new.e-taxes.gov.az"],
  "sourceMap": false
}
